[
	{
		"password": "jhd",
		"email": "jsahdf",
		"DOB": "Oct 10, 1000 12:00:00 AM",
		"username": "pushkar"
	},
	{
		"password": "jhd",
		"email": "jsahdf",
		"DOB": "Oct 10, 1000 12:00:00 AM",
		"username": "pushkar"
	},
	{
		"password": "sdfhsdj",
		"email": "jsahdf",
		"DOB": "Oct 10, 1000 12:00:00 AM",
		"username": "Vishwadeep"
	},
	{
		"password": "sadhasjd",
		"email": "asajdhasjd",
		"DOB": "Jan 5, 2018 12:00:00 AM",
		"username": "Vishwadeep"
	},
	{
		"password": "ag",
		"email": "asdjh",
		"DOB": "Dec 12, 1809 12:00:00 AM",
		"username": "Megha"
	},
	{
		"password": "asdbnsd",
		"email": "asdbasnd",
		"DOB": "Feb 8, 1995 12:00:00 AM",
		"username": "Chinmai"
	},
	{
		"password": "asdbnsd",
		"email": "asdbasnd",
		"DOB": "Feb 8, 1995 12:00:00 AM",
		"username": "Chinmai"
	},
	{
		"password": "Rajput",
		"email": "asdash",
		"DOB": "Sep 9, 1990 12:00:00 AM",
		"username": "Himanshu"
	}
]