[
	{
		"email": "ChinmaiTyagi@gmail.com",
		"DOB": "Jan 9, 1778 12:00:00 AM",
		"username": "Chinmai"
	},
	{
		"password": "123`",
		"email": "prbt@gmail.com",
		"DOB": "19/09/2018",
		"username": "Prabhat"
	},
	{
		"password": "123",
		"email": "pushkar@gmail.com",
		"DOB": "02/08/1995",
		"username": "Pushkar"
	},
	{
		"email": "ChinmaiTyagi@gmail.com",
		"DOB": "Jan 9, 1778 12:00:00 AM",
		"username": "Chinmai"
	},
	{
		"password": "sdjfhsdjf",
		"email": "ajd",
		"DOB": "02/08/1995",
		"username": "Vishu"
	}
]