<?xml version="1.0" encoding="UTF-8"?>
<beans xmlns="http://www.springframework.org/schema/beans"
	xmlns:xsi="http://www.w3.org/2001/XMLSchema-instance" xmlns:p="http://www.springframework.org/schema/p"
	xmlns:context="http://www.springframework.org/schema/context"
	xsi:schemaLocation="http://www.springframework.org/schema/beans  
http://www.springframework.org/schema/beans/spring-beans-3.0.xsd  
http://www.springframework.org/schema/context  
http://www.springframework.org/schema/context/spring-context-3.0.xsd">


	<context:component-scan base-package="com.cvsHealth.controller" />
	<context:annotation-config/>

	<bean
		class="org.springframework.web.servlet.view.InternalResourceViewResolver">
		<property name="prefix" value="/WEB-INF/JSP/" />
		<property name="suffix" value=".jsp" />
	</bean>
	
	<bean id="dataSource" class="org.springframework.jdbc.datasource.DriverManagerDataSource">
		<property name="driverClassName" value="org.h2.Driver" />
		<property name="url" value="jdbc:h2:mem:testdb" />
		<property name="username" value="sa" />
		<property name="password" value="" />
	</bean>
	
	<bean id="jdbcTemplate" class="org.springframework.jdbc.core.JdbcTemplate" >
		<constructor-arg ref="dataSource" />
	</bean>
	
	
	
	<bean id="h2WebServer" class="org.h2.tools.Server" factory-method="createWebServer"
 		init-method="start" destroy-method="stop">
 		<constructor-arg value="-web,-webAllowOthers,-webDaemon,-webPort,8082" />
	</bean>
	
	<bean name="userMasterRepository" class="com.cvsHealth.dao.UserMasterRepositoryImpl">
		<property name="jdbcTemplate" ref="jdbcTemplate" />
	</bean>
	
</beans>  